Workbook

Sheet Bench Master
A1: BENCH RESOURCE MASTER — Training Head Dashboard
A2: Emp ID | B2: Full Name | C2: Profile | D2: Department | E2: Experience (Yrs) | F2: Primary Skill | G2: Secondary Skills | H2: Certifications | I2: Bench Start Date | J2: Expected Allocation Date | K2: Bench Days | L2: Status | M2: Bench Type | N2: Pool Entry Date | O2: Review Date (Day 60) | P2: Pool Status | Q2: Aging Alert | R2: Training Program | S2: Training End Date | T2: Skill Readiness % | U2: Preferred Role | V2: Location | W2: Remarks
A3: EMP001 | B3: Deepak Bharta | C3: UI/UX designer | D3: Design | E3: 10 | F3: Adobe Suite, Figma, Adobe XD | G3: Apple Sketch | I3: 44911 | K3: =IF(I3<>"",TODAY()-I3,"") -> 1371 | L3: Available | M3: Innovation Pool | N3: 45889 | O3: =IF(M3="Learner Pool",IF(N3<>"",N3+60,""),"N/A") -> N/A | P3: =IF(M3="Innovation Pool","No duration limit",IF(OR(N3="",O3=""),"—",IF(O3<TODAY(),"⚠ Review Overdue","Review in "&TEXT(O3-TODAY(),"0")&" days"))) -> No duration limit | Q3: 🚨 Critical (1Y+) | T3: 40 | U3: Designer | V3: Remote | W3: Ready for allocation
A4: EMP002 | B4: Parul Paul | C4: Data Engineer | D4: Delivery | E4: 5 | F4: Azure Data Factory, Azure SQL Server, Snowflake , Python , MySQL | G4: Pyspark, Azure Databricks | H4: Microsoft certified: Azure Administrator Associate Microsoft certified: Azure Solution Architect Expert Microsoft certified: Fabric Data Engineer (DP 700) | I4: 45236 | J4: 46259 | K4: =IF(I4<>"",TODAY()-I4,"") -> 1046 | L4: Partial Available | M4: Innovation Pool | N4: 45943 | O4: =IF(M4="Learner Pool",IF(N4<>"",N4+60,""),"N/A") -> N/A | P4: =IF(M4="Innovation Pool","No duration limit",IF(OR(N4="",O4=""),"—",IF(O4<TODAY(),"⚠ Review Overdue","Review in "&TEXT(O4-TODAY(),"0")&" days"))) -> No duration limit | Q4: 🚨 Critical (1Y+) | R4: AI Agents | T4: 65 | U4: Data Analyst | V4: Remote | W4: 20 hrs per month in SIG
A5: EMP003 | B5: Nagender Nandrey | C5: Business Analyst | D5: Delivery | E5: 3 | F5: Data Engineering, Databases, Warehousing,Python, SQL, Fabric | H5: Oracle Cloud Database Migration and Integration Professional | I5: 45292 | J5: 46258 | K5: =IF(I5<>"",TODAY()-I5,"") -> 990 | L5: Available | M5: Innovation Pool | N5: 45889 | O5: =IF(M5="Learner Pool",IF(N5<>"",N5+60,""),"N/A") -> N/A | P5: =IF(M5="Innovation Pool","No duration limit",IF(OR(N5="",O5=""),"—",IF(O5<TODAY(),"⚠ Review Overdue","Review in "&TEXT(O5-TODAY(),"0")&" days"))) -> No duration limit | Q5: 🚨 Critical (1Y+) | R5: BA learning | S5: 46203 | T5: 50 | U5: BA | V5: Remote | W5: Needs upskilling
A6: EMP004 | B6: Nishita Toshi | C6: Data Quality | D6: Delivery | E6: 5 | F6: Data engineering- ETL, data quality, snowflake, Azure services, Python(Django), SQL server, My SQL, MongoDB | H6: Microsoft certified: Azure Administrator Associate Microsoft certified: Fabric Data Engineer (DP 700) | I6: 45586 | K6: =IF(I6<>"",TODAY()-I6,"") -> 696 | L6: Partial Available | M6: Innovation Pool | N6: 45889 | O6: =IF(M6="Learner Pool",IF(N6<>"",N6+60,""),"N/A") -> N/A | P6: =IF(M6="Innovation Pool","No duration limit",IF(OR(N6="",O6=""),"—",IF(O6<TODAY(),"⚠ Review Overdue","Review in "&TEXT(O6-TODAY(),"0")&" days"))) -> No duration limit | Q6: 🚨 Critical (1Y+) | T6: 90 | U6: Data Analyst | V6: Remote | W6: Ready for allocation
A7: EMP005 | B7: Shrutika Mandloi | C7: Frontend Developer | D7: Delivery | E7: 9 | F7: HTML, CSS, Javascript, ReactJS | I7: 46251 | K7: =IF(I7<>"",TODAY()-I7,"") -> 31 | L7: On Leave | M7: Innovation Pool | N7: 46251 | O7: N/A | P7: =IF(M7="Innovation Pool","No duration limit",IF(OR(N7="",O7=""),"—",IF(O7<TODAY(),"⚠ Review Overdue","Review in "&TEXT(O7-TODAY(),"0")&" days"))) -> No duration limit | V7: Remote | W7: Maternity leave
A8: EMP006 | B8: Pooja Sahu | C8: Quality Analyst | D8: Quality | E8: 6 | F8: Testim for Mobile & Web Application, API testing using Postman & Swagger, Selenium with Java, Playwright using TS/JS, Manual & Automation Testing. | H8: Selenium with Java - Basics to Advance + Frameworks by Udemy Tosca Product Consultant by Tricentis Academy Testim Fundamental Creating - Automated Tests by Tricentis Academy | I8: 46259 | J8: 46351 | K8: =IF(I8<>"",TODAY()-I8,"") -> 23 | L8: Available | M8: Learner Pool | N8: 46259 | O8: =IF(M8="Learner Pool",IF(N8<>"",N8+30,""),"N/A") -> 46289 | P8: =IF(M8="Innovation Pool","No duration limit",IF(OR(N8="",O8=""),"—",IF(O8<TODAY(),"⚠ Review Overdue","Review in "&TEXT(O8-TODAY(),"0")&" days"))) -> Review in 7 days | Q8: 🔴 Action Needed (6M+) | U8: Automation | V8: Pune | W8: Maternity leave
A9: EMP007 | B9: Pallavi Tiwari | C9: Quality Analyst | D9: Quality | E9: 7 | F9: QA Touch, Test Rail, MS Excel, Postman, Jmeter,BlazeMeter, Wave Tool, Testim | I9: 45885 | J9: 46207 | K9: =IF(I9<>"",TODAY()-I9,"") -> 397 | L9: Available | M9: Innovation Pool | N9: 45943 | O9: =IF(M9="Learner Pool",IF(N9<>"",N9+60,""),"N/A") -> N/A | P9: =IF(M9="Innovation Pool","No duration limit",IF(OR(N9="",O9=""),"—",IF(O9<TODAY(),"⚠ Review Overdue","Review in "&TEXT(O9-TODAY(),"0")&" days"))) -> No duration limit | Q9: 🔴 Action Needed (6M+) | T9: 85 | U9: Automation | V9: Nagpur | W9: Ready for allocation
A10: EMP008 | B10: Divya kashyap | C10: Data Engineer | D10: Delivery | E10: 5 | F10: MySQL server, SQL querying, ADF, Python, Django, PostgreSQL | I10: 45929 | J10: 46256 | K10: =IF(I10<>"",TODAY()-I10,"") -> 353 | L10: Available | M10: Innovation Pool | N10: 45978 | O10: =IF(M10="Learner Pool",IF(N10<>"",N10+60,""),"N/A") -> N/A | P10: =IF(M10="Innovation Pool","No duration limit",IF(OR(N10="",O10=""),"—",IF(O10<TODAY(),"⚠ Review Overdue","Review in "&TEXT(O10-TODAY(),"0")&" days"))) -> No duration limit | Q10: 🔴 Action Needed (6M+) | T10: 90 | U10: Data Analyst | V10: Remote | W10: Ready for allocation
A11: EMP009 | B11: Muskan Goyal | C11: Frontend Developer | D11: Delivery | E11: 5 | F11: html, css, bootstrap,javascript | G11: PowerBI | H11: PowerBI, DP 700 | I11: 45930 | J11: 46256 | K11: =IF(I11<>"",TODAY()-I11,"") -> 352 | L11: Available | M11: Innovation Pool | N11: 45978 | O11: =IF(M11="Learner Pool",IF(N11<>"",N11+60,""),"N/A") -> N/A | P11: =IF(M11="Innovation Pool","No duration limit",IF(OR(N11="",O11=""),"—",IF(O11<TODAY(),"⚠ Review Overdue","Review in "&TEXT(O11-TODAY(),"0")&" days"))) -> No duration limit | Q11: 🔴 Action Needed (6M+) | T11: 90 | U11: BI | V11: Remote | W11: Ready for allocation
A12: EMP010 | B12: Somya Ranjan | C12: AI Engineer | D12: Delivery | E12: 1 | F12: Python, AI | G12: Data Engineering | H12: Data Scientist | I12: 46052 | J12: 46256 | K12: =IF(I12<>"",TODAY()-I12,"") -> 230 | L12: Available | M12: Innovation Pool | N12: 46052 | O12: =IF(M12="Learner Pool",IF(N12<>"",N12+60,""),"N/A") -> N/A | P12: =IF(M12="Innovation Pool","No duration limit",IF(OR(N12="",O12=""),"—",IF(O12<TODAY(),"⚠ Review Overdue","Review in "&TEXT(O12-TODAY(),"0")&" days"))) -> No duration limit | Q12: ⚠ Watch (3M+) | T12: 100 | U12: AI Engineer | V12: Remote | W12: Ready for allocation
A13: EMP011 | B13: Pooja Ruchandani | C13: Business Analyst | D13: Delivery | E13: 4 | F13: Project Management | I13: 45935 | J13: 46256 | K13: =IF(I13<>"",TODAY()-I13,"") -> 347 | L13: Available | M13: Innovation Pool | N13: 45935 | O13: =IF(M13="Learner Pool",IF(N13<>"",N13+60,""),"N/A") -> N/A | P13: =IF(M13="Innovation Pool","No duration limit",IF(OR(N13="",O13=""),"—",IF(O13<TODAY(),"⚠ Review Overdue","Review in "&TEXT(O13-TODAY(),"0")&" days"))) -> No duration limit | Q13: 🔴 Action Needed (6M+) | W13: Ready for allocation
A14: EMP012 | B14: Abha Tiwari | C14: Backend Engineer | D14: Delivery | E14: 5 | F14: Java | G14: Python | I14: 46244 | J14: 46256 | K14: =IF(I14<>"",TODAY()-I14,"") -> 38 | L14: Available | M14: Learner Pool | N14: 46244 | O14: =IF(M14="Learner Pool",IF(N14<>"",N14+46,""),"N/A") -> 46290 | P14: =IF(M14="Innovation Pool","No duration limit",IF(OR(N14="",O14=""),"—",IF(O14<TODAY(),"⚠ Review Overdue","Review in "&TEXT(O14-TODAY(),"0")&" days"))) -> Review in 8 days | Q14: ⚠ Watch (3M+) | T14: 100 | U14: Java Developer | V14: Remote | W14: Ready for allocation
A15: EMP013 | B15: Dev Narayan | C15: Backend Engineer | D15: Delivery | E15: 11 | F15: Java, Python | G15: SQL | H15: Ab-102 | I15: 46082 | J15: 46256 | K15: =IF(I15<>"",TODAY()-I15,"") -> 200 | L15: Available | M15: Innovation Pool | N15: 46028 | O15: =IF(M15="Learner Pool",IF(N15<>"",N15+60,""),"N/A") -> N/A | P15: =IF(M15="Innovation Pool","No duration limit",IF(OR(N15="",O15=""),"—",IF(O15<TODAY(),"⚠ Review Overdue","Review in "&TEXT(O15-TODAY(),"0")&" days"))) -> No duration limit | Q15: ⚠ Watch (3M+) | T15: 100 | U15: Java/Python | V15: Remote | W15: Ready for allocation
A16: EMP014 | B16: Yogesh Sahu | C16: Frontend Developer | D16: Delivery | E16: 7 | F16: TIL, Windsor+Nestive+Sythetiq, Time tracking tool | I16: 46082 | J16: 46256 | K16: =IF(I16<>"",TODAY()-I16,"") -> 200 | L16: Available | M16: Innovation Pool | N16: 46028 | O16: =IF(M16="Learner Pool",IF(N16<>"",N16+60,""),"N/A") -> N/A | P16: =IF(M16="Innovation Pool","No duration limit",IF(OR(N16="",O16=""),"—",IF(O16<TODAY(),"⚠ Review Overdue","Review in "&TEXT(O16-TODAY(),"0")&" days"))) -> No duration limit | Q16: ⚠ Watch (3M+) | T16: 100 | U16: React | V16: Remote | W16: Ready for allocation
A17: EMP015 | B17: Garima Burad | C17: Quality Analyst | D17: Quality | E17: 6 | F17: Testim, Tosca, Jmeter, Playwright, selenium | I17: 46150 | K17: =IF(I17<>"",TODAY()-I17,"") -> 132 | L17: Available | M17: Innovation Pool | N17: 46150 | T17: 100 | U17: Automation | V17: Remote | W17: Ready for allocation
A18: EMP016 | B18: Radhika Boldiya | C18: Intern | D18: Training | E18: 0 | F18: Python, Devops | I18: 46164 | K18: =IF(I18<>"",TODAY()-I18,"") -> 118 | L18: In Training | N18: 46164 | O18: =IF(M18="Learner Pool",IF(N18<>"",N18+60,""),"N/A") -> N/A | P18: =IF(M18="Innovation Pool","No duration limit",IF(OR(N18="",O18=""),"—",IF(O18<TODAY(),"⚠ Review Overdue","Review in "&TEXT(O18-TODAY(),"0")&" days"))) -> #VALUE! | Q18: ✅ On Track
A19: EMP017 | B19: Sana Fatima | C19: Intern | D19: Training | E19: 0 | F19: Python | I19: 46195 | K19: =IF(I19<>"",TODAY()-I19,"") -> 87 | L19: In Training | N19: 46195 | O19: =IF(M19="Learner Pool",IF(N19<>"",N19+60,""),"N/A") -> N/A | P19: =IF(M19="Innovation Pool","No duration limit",IF(OR(N19="",O19=""),"—",IF(O19<TODAY(),"⚠ Review Overdue","Review in "&TEXT(O19-TODAY(),"0")&" days"))) -> #VALUE! | Q19: ✅ On Track
A20: EMP018 | B20: Harsh Barmeda | C20: Intern | D20: Training | E20: 0 | F20: Python | I20: 46195 | K20: =IF(I20<>"",TODAY()-I20,"") -> 87 | L20: In Training | N20: 46195 | O20: =IF(M20="Learner Pool",IF(N20<>"",N20+60,""),"N/A") -> N/A | P20: =IF(M20="Innovation Pool","No duration limit",IF(OR(N20="",O20=""),"—",IF(O20<TODAY(),"⚠ Review Overdue","Review in "&TEXT(O20-TODAY(),"0")&" days"))) -> #VALUE! | Q20: ✅ On Track
A21: EMP019 | B21: Parth Sarthi Dalai | C21: Intern | D21: Training | E21: 0 | F21: Phyton | I21: 46198 | K21: =IF(I21<>"",TODAY()-I21,"") -> 84 | L21: In Training | N21: 46198 | O21: =IF(M21="Learner Pool",IF(N21<>"",N21+60,""),"N/A") -> N/A | Q21: ✅ On Track
A22: EMP020 | B22: Drishti Sharma | C22: Quality Analyst | D22: Quality | E22: 7 | F22: JavaScript, Automation: Testim, Playwright framework, Defect management tools: JIRA, Rally, Azure DevOps | I22: 46223 | K22: =IF(I22<>"",TODAY()-I22,"") -> 59 | L22: Available | M22: Learner Pool | N22: 46223 | O22: =IF(M22="Learner Pool",IF(N22<>"",N22+30,""),"N/A") -> 46253 | P22: =IF(M22="Innovation Pool","No duration limit",IF(OR(N22="",O22=""),"—",IF(O22<TODAY(),"⚠ Review Overdue","Review in "&TEXT(O22-TODAY(),"0")&" days"))) -> ⚠ Review Overdue | Q22: ✅ On Track | S22: 46253 | T22: 100 | U22: QA | V22: Remote | W22: Resigned
A23: EMP021 | B23: Shraddha Bhattacharya | C23: Android Developer | D23: Delivery | E23: 10 | F23: Android (Java) | G23: Python | I23: 45778 | K23: =IF(I23<>"",TODAY()-I23,"") -> 504 | L23: On Leave | M23: Innovation Pool | N23: 45778 | O23: =IF(M23="Learner Pool",IF(N23<>"",N23+60,""),"N/A") -> N/A | P23: =IF(M23="Innovation Pool","No duration limit",IF(OR(N23="",O23=""),"—",IF(O23<TODAY(),"⚠ Review Overdue","Review in "&TEXT(O23-TODAY(),"0")&" days"))) -> No duration limit | Q23: ✅ On Track | U23: Mobile developer | V23: Remote | W23: Maternity leave
A24: EMP022 | B24: Anand Shrivas | C24: UI/UX designer | D24: Design | E24: 19 | F24: UI/UX Designing, Visualisation, Team Management, Graphic Designing, Video Editing, Vfx, 3D Animation | I24: 46235 | K24: =IF(I24<>"",TODAY()-I24,"") -> 47 | L24: Available | M24: Innovation Pool | N24: 46235 | T24: 100 | U24: UI/UX designer | V24: Remote | W24: Ready for allocation
A25: EMP023 | B25: Abhishek Mourya | C25: Mobile Developer | D25: Delivery | E25: 10 | F25: JavaScript,kotlin, Java, C#,Dart | I25: 46244 | K25: =IF(I25<>"",TODAY()-I25,"") -> 38 | L25: Available | M25: Learner Pool | N25: 46244 | O25: =IF(M25="Learner Pool",IF(N25<>"",N25+46,""),"N/A") -> 46290 | P25: =IF(M25="Innovation Pool","No duration limit",IF(OR(N25="",O25=""),"—",IF(O25<TODAY(),"⚠ Review Overdue","Review in "&TEXT(O25-TODAY(),"0")&" days"))) -> Review in 8 days | R25: Claude Certification | T25: 100 | U25: Andriod developer | V25: Remote | W25: Ready for allocation
A26: EMP024 | B26: Monika Gour | C26: Frontend Developer | D26: Delivery | E26: 5 | F26: html, css, bootstrap,javascript | I26: 46244 | K26: =IF(I26<>"",TODAY()-I26,"") -> 38 | L26: Available | M26: Learner Pool | N26: 46244 | O26: =IF(M26="Learner Pool",IF(N26<>"",N26+46,""),"N/A") -> 46290 | P26: =IF(M26="Innovation Pool","No duration limit",IF(OR(N26="",O26=""),"—",IF(O26<TODAY(),"⚠ Review Overdue","Review in "&TEXT(O26-TODAY(),"0")&" days"))) -> Review in 8 days | R26: Claude Certification | T26: 100 | V26: Remote | W26: Ready for allocation
A27: EMP025 | B27: Tarkeshwar | C27: Backend Engineer | D27: Delivery | E27: 18 | F27: C# | I27: 46281 | K27: =IF(I27<>"",TODAY()-I27,"") -> 1 | L27: Available | M27: Learner Pool | N27: 46281 | O27: =IF(M27="Learner Pool",IF(N27<>"",N27+46,""),"N/A") -> 46327 | P27: =IF(M27="Innovation Pool","No duration limit",IF(OR(N27="",O27=""),"—",IF(O27<TODAY(),"⚠ Review Overdue","Review in "&TEXT(O27-TODAY(),"0")&" days"))) -> Review in 45 days | R27: Claude Certification | T27: 100 | U27: Backend Developer | V27: Remote | W27: Ready for allocation
A28: EMP026 | B28: Shashikala Prajapati | C28: Fullstack Developer | D28: Delivery | E28: 8 | F28: React, C#, Angular, SQL | I28: 46266 | K28: =IF(I28<>"",TODAY()-I28,"") -> 16 | L28: Available | M28: Learner Pool | N28: 46266 | O28: =IF(M28="Learner Pool",IF(N28<>"",N28+46,""),"N/A") -> 46312 | P28: =IF(M28="Innovation Pool","No duration limit",IF(OR(N28="",O28=""),"—",IF(O28<TODAY(),"⚠ Review Overdue","Review in "&TEXT(O28-TODAY(),"0")&" days"))) -> Review in 30 days | R28: Claude Certification | T28: 100 | U28: fullstack | V28: Remote | W28: Ready for allocation

Sheet Aging Report
A1: AGING BENCH REPORT — Resources Requiring Immediate Attention
A2: 🚨 Critical: 365+ days | C2: 🔴 Action Needed: 180–364 days | E2: ⚠ Watch: 90–179 days | G2: ✅ On Track: < 90 days | I2: Generated: Auto-refresh from Bench Master
A4: 🚨 CRITICAL — 365+ Days on Bench (5 resources)
A5: Emp ID | B5: Name | C5: Profile | D5: Dept | E5: Bench Days | F5: Status | G5: Bench Type | H5: Pool | I5: Primary Skill | J5: Preferred Role | K5: Location | L5: Action Required
A6: EMP001 | B6: Deepak Bharta | C6: UI/UX designer | D6: Design | E6: 1286 | F6: Available | G6: Innovation Pool | I6: Adobe Suite, Figma, Adobe XD | J6: 40 | K6: Designer | L6: Escalate to leadership — immediate placement or exit plan required
A7: EMP002 | B7: Parul Paul | C7: Data Engineer | D7: Delivery | E7: 961 | F7: Partial Available | G7: Innovation Pool | I7: Azure Data Factory, Azure SQL Server, S… | J7: 65 | K7: Data Analyst | L7: Escalate to leadership — immediate placement or exit plan required
A8: EMP003 | B8: Nagender Nandrey | C8: Business Analyst | D8: Delivery | E8: 905 | F8: Available | G8: Innovation Pool | I8: Data Engineering, Databases, Warehousing… | J8: 50 | K8: BA | L8: Escalate to leadership — immediate placement or exit plan required
A9: EMP005 | B9: Vijay Karsh | C9: Frontend Developer | D9: Delivery | E9: 624 | F9: In Training | G9: Innovation Pool | I9: JavaScript, C#, Python, Java, django and… | J9: 80 | K9: BI | L9: Escalate to leadership — immediate placement or exit plan required
A10: EMP004 | B10: Nishita Toshi | C10: Data Quality | D10: Delivery | E10: 611 | F10: Partial Available | G10: Innovation Pool | I10: Data engineering- ETL, data quality, sno… | J10: 90 | K10: Data Analyst | L10: Escalate to leadership — immediate placement or exit plan required
A12: 🔴 ACTION NEEDED — 180–364 Days (6 resources)
A13: Emp ID | B13: Name | C13: Profile | D13: Dept | E13: Bench Days | F13: Status | G13: Bench Type | H13: Pool | I13: Primary Skill | J13: Preferred Role | K13: Location | L13: Action Required
A14: EMP006 | B14: Sristi Choubey | C14: Quality Analyst | D14: Quality | E14: 327 | F14: Shadow Mode | G14: Innovation Pool | I14: Selenium | J14: 90 | K14: Automation | L14: Manager review this week — map to demand or initiate upskilling
A15: EMP007 | B15: Pooja Sahu | C15: Quality Analyst | D15: Quality | E15: 327 | F15: On Leave | G15: Innovation Pool | I15: Testim for Mobile & Web Application, API… | K15: Automation | L15: Manager review this week — map to demand or initiate upskilling
A16: EMP008 | B16: Pallavi Tiwari | C16: Quality Analyst | D16: Quality | E16: 312 | F16: Available | G16: Innovation Pool | I16: QA Touch, Test Rail, MS Excel, Postman, … | J16: 85 | K16: Automation | L16: Manager review this week — map to demand or initiate upskilling
A17: EMP010 | B17: Divya kashyap | C17: Data Engineer | D17: Delivery | E17: 268 | F17: Available | G17: Innovation Pool | I17: MySQL server, SQL querying, ADF, Python,… | J17: 90 | K17: Data Analyst | L17: Manager review this week — map to demand or initiate upskilling
A18: EMP011 | B18: Muskan Goyal | C18: Frontend Developer | D18: Delivery | E18: 267 | F18: Available | G18: Innovation Pool | I18: html, css, bootstrap,javascript | J18: 90 | K18: BI | L18: Manager review this week — map to demand or initiate upskilling
A19: EMP013 | B19: Pooja Ruchandani | C19: Business Analyst | D19: Delivery | E19: 262 | F19: Available | G19: Innovation Pool | I19: Project Management | L19: Manager review this week — map to demand or initiate upskilling
A21: ⚠ WATCH — 90–179 Days (6 resources)
A22: Emp ID | B22: Name | C22: Profile | D22: Dept | E22: Bench Days | F22: Status | G22: Bench Type | H22: Pool | I22: Primary Skill | J22: Preferred Role | K22: Location | L22: Action Required
A23: EMP014 | B23: Abha Tiwari | C23: Backend Engineer | D23: Delivery | E23: 174 | F23: On Leave | G23: Innovation Pool | I23: Java | J23: 100 | K23: Java Developer | L23: Schedule check-in — verify training / shadow mode progress
A24: EMP012 | B24: Somya Ranjan | C24: AI Engineer | D24: Delivery | E24: 145 | F24: Available | G24: Innovation Pool | I24: Python, AI | J24: 100 | K24: AI Engineer | L24: Schedule check-in — verify training / shadow mode progress
A25: EMP015 | B25: Dev Narayan | C25: Backend Engineer | D25: Delivery | E25: 115 | F25: Available | G25: Innovation Pool | I25: Java, Python | J25: 100 | K25: Java/Python | L25: Schedule check-in — verify training / shadow mode progress
A26: EMP016 | B26: Yogesh Sahu | C26: Frontend Developer | D26: Delivery | E26: 115 | F26: Available | G26: Innovation Pool | I26: TIL, Windsor+Nestive+Sythetiq, Time trac… | J26: 100 | K26: React | L26: Schedule check-in — verify training / shadow mode progress
A27: EMP017 | B27: Katyayani Sahu | C27: Frontend Developer | D27: Delivery | E27: 115 | F27: Shadow Mode | G27: Learner Pool | I27: html, css, bootstrap,javascript | L27: Schedule check-in — verify training / shadow mode progress
A28: EMP018 | B28: Rajkumari Kashyap | C28: Intern | D28: Training | E28: 100 | F28: In Training | G28: Learner Pool | I28: Python, AI | L28: Schedule check-in — verify training / shadow mode progress
A30: ✅ ON TRACK — Under 90 Days (4 resources)
A31: Emp ID | B31: Name | C31: Profile | D31: Dept | E31: Bench Days | F31: Status | G31: Bench Type | H31: Pool | I31: Primary Skill | J31: Preferred Role | K31: Location | L31: Action Required
A32: EMP020 | B32: Juhi Gupta | C32: Intern | D32: Training | E32: 40 | F32: In Training | G32: Learner Pool | I32: Python | L32: Monitor — within acceptable bench window
A33: EMP019 | B33: Radhika Boldiya | C33: Intern | D33: Training | E33: 33 | F33: In Training | G33: Learner Pool | I33: Python, Devops | L33: Monitor — within acceptable bench window
A34: EMP021 | B34: Sana Fatima | C34: Intern | D34: Training | E34: 2 | F34: In Training | G34: Learner Pool | I34: Python | L34: Monitor — within acceptable bench window
A35: EMP022 | B35: Harsh Barmeda | C35: Intern | D35: Training | E35: 2 | F35: In Training | G35: Learner Pool | I35: Python | L35: Monitor — within acceptable bench window

Sheet Pool Review Log
A1: POOL REVIEW LOG — Learner Pool → Decision Tracker (Day 60 Review)
A2: Emp ID | B2: Name | C2: Pool Entry Date | D2: Review Date (Day 60) | E2: Performance Rating | F2: Training % | G2: Skill Improvement | H2: Reviewer | I2: Review Outcome | J2: Outcome Date | K2: Innovation Pool Entry | L2: Remarks
A3: EMP017 | B3: Katyayani | C3: 46113 | D3: 46172 | E3: Good | F3: 60 | G3: Medium | H3: Training Head | I3: Release | J3: 46203 | L3: June 30 LWD

Sheet Skill Matrix
A1: SKILL MATRIX — Proficiency Tracker (1=Beginner, 2=Intermediate, 3=Advanced, 4=Expert)
A2: Emp ID | B2: Name | C2: React.js | D2: Node.js | E2: Java | F2: Python | G2: SQL | H2: AWS | I2: Azure | J2: DevOps/K8s | K2: Angular | L2: QA/Selenium | M2: Data/BI | N2: Agile/BA | O2: GenAI/LLM | P2: Overall Avg
A3: EMP001 | B3: Deepak Bharta | C3: 0 | D3: 0 | E3: 0 | F3: 0 | G3: 0 | H3: 0 | I3: 0 | J3: 0 | K3: 0 | L3: 0 | M3: 0 | N3: 0 | O3: 0 | P3: =IFERROR(AVERAGEIF(C3:O3,">0"),0) -> 0
A4: EMP002 | B4: Parul Paul | C4: 0 | D4: 0 | E4: 0 | F4: 2 | G4: 2 | H4: 2 | I4: 2 | J4: 2 | K4: 0 | L4: 0 | M4: 2 | N4: 2 | O4: 2 | P4: =IFERROR(AVERAGEIF(C4:O4,">0"),0) -> 2
A5: EMP003 | B5: Nagender Nandrey | C5: 0 | D5: 0 | E5: 0 | F5: 2 | G5: 2 | H5: 0 | I5: 2 | J5: 0 | K5: 0 | L5: 0 | M5: 2 | N5: 1 | O5: 0 | P5: =IFERROR(AVERAGEIF(C5:O5,">0"),0) -> 1.8
A6: EMP004 | B6: Nishita Toshi | C6: 0 | D6: 0 | E6: 0 | F6: 2 | G6: 2 | H6: 2 | I6: 2 | J6: 2 | K6: 0 | L6: 0 | M6: 2 | N6: 2 | O6: 2 | P6: =IFERROR(AVERAGEIF(C6:O6,">0"),0) -> 2
A7: EMP005 | B7: Vijay Karsh | C7: 1 | D7: 1 | E7: 0 | F7: 3 | G7: 2 | H7: 1 | I7: 1 | J7: 1 | K7: 0 | L7: 0 | M7: 0 | N7: 0 | O7: 2 | P7: =IFERROR(AVERAGEIF(C7:O7,">0"),0) -> 1.5
A8: EMP006 | B8: Sristi Choubey | C8: 0 | D8: 0 | E8: 0 | F8: 1 | G8: 0 | H8: 0 | I8: 0 | J8: 0 | K8: 0 | L8: 2 | M8: 0 | N8: 2 | O8: 0 | P8: =IFERROR(AVERAGEIF(C8:O8,">0"),0) -> 1.6666667
A9: EMP007 | B9: Pooja Sahu | C9: 0 | D9: 0 | E9: 0 | F9: 1 | G9: 0 | H9: 0 | I9: 1 | J9: 1 | K9: 0 | L9: 2 | M9: 0 | N9: 1 | O9: 1 | P9: =IFERROR(AVERAGEIF(C9:O9,">0"),0) -> 1.1666667
A10: EMP008 | B10: Pallavi Tiwari | C10: 0 | D10: 0 | E10: 0 | F10: 1 | G10: 1 | H10: 1 | I10: 0 | J10: 1 | K10: 2 | L10: 2 | M10: 0 | N10: 1 | O10: 1 | P10: =IFERROR(AVERAGEIF(C10:O10,">0"),0) -> 1.25
A11: EMP009 | B11: Devansh Pratap Singh | C11: 0 | D11: 0 | E11: 0 | F11: 2 | G11: 2 | H11: 1 | I11: 1 | J11: 1 | K11: 0 | L11: 0 | M11: 1 | N11: 0 | O11: 2 | P11: =IFERROR(AVERAGEIF(C11:O11,">0"),0) -> 1.4285714
A12: EMP010 | B12: Divya kashyap | C12: 0 | D12: 0 | E12: 0 | F12: 2 | G12: 3 | H12: 1 | I12: 1 | J12: 0 | K12: 0 | L12: 0 | M12: 2 | N12: 1 | O12: 2 | P12: =IFERROR(AVERAGEIF(C12:O12,">0"),0) -> 1.7142857
A13: EMP011 | B13: Muskan Goyal | C13: 2 | D13: 0 | E13: 0 | F13: 1 | G13: 0 | H13: 1 | I13: 1 | J13: 0 | K13: 0 | L13: 0 | M13: 1 | N13: 1 | O13: 0 | P13: =IFERROR(AVERAGEIF(C13:O13,">0"),0) -> 1.1666667
A14: EMP012 | B14: Somya Ranjan | C14: 0 | D14: 0 | E14: 0 | F14: 3 | G14: 1 | H14: 1 | I14: 1 | J14: 1 | K14: 0 | L14: 0 | M14: 2 | N14: 1 | O14: 2 | P14: =IFERROR(AVERAGEIF(C14:O14,">0"),0) -> 1.5
... A24: EMP022 | B24: Harsh Barmeda | C24: 0 | D24: 0 | E24: 0 | F24: 1 | G24: 0 | H24: 0 | I24: 0 | J24: 0 | K24: 0 | L24: 0 | M24: 0 | N24: 0 | O24: 0 | P24: =IFERROR(AVERAGEIF(C24:O24,">0"),0) -> 1

Sheet Training Tracker
A1: TRAINING TRACKER — Program Progress & Completion
A2: Emp ID | B2: Name | C2: Training Program | D2: Category | E2: Mode | F2: Start Date | G2: End Date | H2: Duration (Days) | I2: Status | J2: Pre-Score | K2: Post-Score | L2: Improvement %
A3: EMP018 | B3: Rajkumari Kashyap | C3: Microsfoft fabric | D3: Data | E3: Online / Self-paced | F3: 46097 | G3: 46250 | H3: =IFERROR(G3-F3,"") -> 153 | I3: In Progress | J3: 25 | K3: 50 | L3: =IFERROR((K3-J3)/J3,"") -> 1
A4: EMP019 | B4: Radhika Boldiya | C4: Devops | D4: Cloud | E4: Online / Self-paced | F4: 46155 | G4: 46247 | H4: =IFERROR(G4-F4,"") -> 92 | I4: In Progress | J4: 40 | K4: 50 | L4: =IFERROR((K4-J4)/J4,"") -> 0.25
A5: EMP020 | B5: Juhi Gupta | C5: Cyber Security | D5: Security | E5: Online / Self-paced | F5: 46174 | G5: 46218 | H5: =IFERROR(G5-F5,"") -> 44 | I5: In Progress | J5: 10 | K5: 11 | L5: =IFERROR((K5-J5)/J5,"") -> 0.1
A6: EMP021 | B6: Sana Fatima | C6: AI Agents | D6: AI | E6: Online / Self-paced | F6: 46195 | G6: 46287 | H6: =IFERROR(G6-F6,"") -> 92 | I6: In Progress | J6: 30 | K6: 32 | L6: =IFERROR((K6-J6)/J6,"") -> 0.066666667
A7: EMP022 | B7: Harsh Barmeda | C7: AI Agents | D7: AI | E7: Online / Self-paced | F7: 46195 | G7: 46287 | H7: =IFERROR(G7-F7,"") -> 92 | I7: In Progress | J7: 40 | K7: 45 | L7: =IFERROR((K7-J7)/J7,"") -> 0.125

Sheet Demand Pipeline
A1: DEMAND PIPELINE — Open Roles & Resource Mapping
A2: Demand ID | B2: Account / Project | C2: Role Required | D2: Primary Skill Needed | E2: Band / Experience | F2: Start Date | G2: Priority | H2: Status | I2: Mapped Resource | J2: Mapping Date | K2: Match Score % | L2: Gap Skills | M2: Remarks
A3: DEM001 | B3: Farragut | C3: Senior React Developer | D3: React.js | E3: 4-6 Yrs | F3: 46263 | G3: High | H3: Open | I3: EMP016 - Yogesh Sahu | J3: 46195 | K3: 90 | M3: Strong match
A4: DEM002 | B4: Omnia | C4: Gen AI Engineer | D4: Gen AI, Python | E4: 1-3 Yrs | F4: 46223 | G4: Critical | H4: Open | I4: EMP012 - Somya Ranjan | J4: 46198 | K4: 75 | M4: Available
A5: DEM003 | B5: Faraggut | C5: Azure Architect | D5: Azure | E5: 7-8 Yrs | F5: 46227 | G5: Low | H5: Open | J5: 46196
A6: DEM004 | B6: SIG | C6: Data Engineer | D6: Python, SQL | E6: 4-6 Yrs | F6: 46236 | G6: High | H6: Open | J6: 46195
A7: DEM005 | B7: Techment | C7: DevOps Lead | D7: Kubernetes, CI-CD | E7: 4-6 Yrs | F7: 46235 | G7: High | H7: Open | J7: 46195

Sheet Dashboard
A1: BENCH MANAGEMENT DASHBOARD — Weekly Summary
A3: Total on Bench | C3: Available Now | E3: In Training | G3: Avg Bench Days | I3: Open Demands
A4: =COUNTA('Bench Master'!B3:B198) -> 26 | C4: =COUNTIF('Bench Master'!L3:L198,"Available")+COUNTIF('Bench Master'!L3:L198,"Partial Available") -> 20 | E4: =COUNTIF('Bench Master'!L3:L198,"In Training") -> 4 | G4: =IFERROR(AVERAGEIF('Bench Master'!K3:K198,">0"),0) -> 287.88462 | I4: =COUNTIF('Demand Pipeline'!H3:H98,"Open") -> 5
A5: All statuses | C5: Ready to allocate | E5: Active programs | G5: Target ≤ 10 days | I5: Unallocated roles
A8: Critical Demands | C8: Mapped This Week | E8: Avg Match Score | G8: Bench >15 Days | I8: Completing Soon
A9: =COUNTIF('Demand Pipeline'!G3:G98,"Critical") -> 1 | C9: =COUNTIF('Demand Pipeline'!J3:J98,">="&TODAY()-7) -> 0 | E9: =IFERROR(AVERAGEIF('Demand Pipeline'!K3:K98,">0"),0) -> 82.5 | G9: =COUNTIF('Bench Master'!K3:K198,">15") -> 25 | I9: =COUNTIFS('Bench Master'!N3:N198,">="&TODAY(),'Bench Master'!N3:N198,"<="&TODAY()+7) -> 0
A10: Urgent fills needed | C10: Last 7 days | E10: % skill fit | G10: Aging bench alert | I10: Training end ≤7 days
A14: ℹ Auto-updates from Bench Master, Pool Review Log & Demand Pipeline. Status legend: Available (ready) · Partial Available (part-time) · On Leave (maternity/other) · In Training · Shadow Mode · Allocated.
A16: POOL BREAKDOWN
A17: Learner Pool | C17: Innovation Pool | E17: Reviews Due ≤7d | G17: Promoted to Innov | I17: Exits (Perf.)
A18: =COUNTIF('Bench Master'!M3:M198,"Learner Pool") -> 7 | C18: =COUNTIF('Bench Master'!M3:M198,"Innovation Pool") -> 15 | E18: =COUNTIFS('Pool Review Log'!I3:I46,"Pending",'Pool Review Log'!D3:D46,"<="&TODAY()+7) -> 0 | G18: =COUNTIF('Pool Review Log'!I3:I46,"Promoted") -> 0 | I18: =COUNTIF('Pool Review Log'!I3:I46,"Exit") -> 0
A19: 3-month clock | C19: No duration limit | E19: Act now | G19: Month 2 movers | I19: Performance exits
A20: ℹ Learner Pool: 3-month max · Day 60 review → Promoted to Innovation Pool or Exit. Innovation Pool: No time limit, high allocation priority.
A22: AGING BENCH ALERTS
A23: 🚨 Critical (1Y+) | C23: 🔴 Action (6M+) | E23: ⚠ Watch (3M+) | G23: ✅ On Track | I23: Longest Bench
A24: =COUNTIF('Bench Master'!Q3:Q98,"🚨 Critical (1Y+)") -> 4 | C24: =COUNTIF('Bench Master'!Q3:Q98,"🔴 Action Needed (6M+)") -> 5 | E24: =COUNTIF('Bench Master'!Q3:Q98,"⚠ Watch (3M+)") -> 4 | G24: =COUNTIF('Bench Master'!Q3:Q98,"✅ On Track") -> 6 | I24: =IFERROR(MAX('Bench Master'!K3:K98),"—") -> 1371
A25: Escalate now | C25: Review this week | E25: Schedule check-in | G25: Within safe window | I25: Days (worst case)
A26: ℹ See 'Aging Report' sheet for full breakdown with recommended actions per resource.

Sheet Config & Lookups
A1: CONFIG & LOOKUP TABLES — Do not delete
A3: Status Options
A4: Available
A5: Partial Available
A6: In Training
A7: Shadow Mode
A8: On Leave
A9: Allocated
A11: Skill Categories
A12: Frontend
A13: Backend
A14: Cloud
... A56: Deferred

Sheet Sheet2
C3: Katyayani Sahu | D3: Frontend Developer | E3: Delivery | F3: 5 | G3: html, css, bootstrap,javascript | J3: 46082 | L3: =IF(J3<>"",TODAY()-J3,"") -> 200 | M3: Shadow Mode | N3: Learner Pool | O3: 46026 | P3: =IF(N3="Learner Pool",IF(O3<>"",O3+60,""),"N/A") -> 46086 | Q3: =IF(N3="Innovation Pool","No duration limit",IF(OR(O3="",P3=""),"—",IF(P3<TODAY(),"⚠ Review Overdue","Review in "&TEXT(P3-TODAY(),"0")&" days"))) -> ⚠ Review Overdue | R3: ⚠ Watch (3M+) | X3: LWD June 30
C4: Juhi Gupta | D4: Intern | E4: Training | F4: 0 | G4: Python | J4: 46157 | L4: =IF(J4<>"",TODAY()-J4,"") -> 125 | M4: In Training | N4: Learner Pool | O4: 46157 | P4: =IF(N4="Learner Pool",IF(O4<>"",O4+60,""),"N/A") -> 46217 | Q4: =IF(N4="Innovation Pool","No duration limit",IF(OR(O4="",P4=""),"—",IF(P4<TODAY(),"⚠ Review Overdue","Review in "&TEXT(P4-TODAY(),"0")&" days"))) -> ⚠ Review Overdue | R4: ✅ On Track
C6: Devansh Pratap Singh | D6: AI Engineer | E6: Delivery | F6: 2 | G6: Python, AI | H6: Data Engineering | J6: 45915 | K6: 46174 | L6: =IF(J6<>"",TODAY()-J6,"") -> 367 | M6: Allocated | N6: Innovation Pool | O6: 45943 | P6: =IF(N6="Learner Pool",IF(O6<>"",O6+60,""),"N/A") -> N/A | Q6: =IF(N6="Innovation Pool","No duration limit",IF(OR(O6="",P6=""),"—",IF(P6<TODAY(),"⚠ Review Overdue","Review in "&TEXT(P6-TODAY(),"0")&" days"))) -> No duration limit | R6: — | U6: 100 | V6: AI Engineer | W6: Remote | X6: Omnia force replatform
C8: Rajkumari Kashyap | D8: Intern | E8: Training | F8: 0 | G8: Python, AI | J8: 46097 | L8: =IF(J8<>"",TODAY()-J8,"") -> 185 | M8: In Training | O8: 46097 | P8: =IF(N8="Learner Pool",IF(O8<>"",O8+60,""),"N/A") -> N/A | Q8: =IF(N8="Innovation Pool","No duration limit",IF(OR(O8="",P8=""),"—",IF(P8<TODAY(),"⚠ Review Overdue","Review in "&TEXT(P8-TODAY(),"0")&" days"))) -> #VALUE! | R8: ⚠ Watch (3M+)
C9: Vijay Karsh | D9: Frontend Developer | E9: Delivery | F9: 3.5 | G9: JavaScript, C#, Python, Java, django and Blazor, webflow, wordpress | H9: React, PowerBI | J9: 45573 | K9: 46256 | L9: =IF(J9<>"",TODAY()-J9,"") -> 709 | M9: Available | N9: Innovation Pool | O9: 45889 | P9: =IF(N9="Learner Pool",IF(O9<>"",O9+60,""),"N/A") -> N/A | Q9: =IF(N9="Innovation Pool","No duration limit",IF(OR(O9="",P9=""),"—",IF(P9<TODAY(),"⚠ Review Overdue","Review in "&TEXT(P9-TODAY(),"0")&" days"))) -> No duration limit | R9: 🚨 Critical (1Y+) | S9: PowerBI | T9: 46203 | U9: 80 | V9: BI | W9: Remote | X9: Ready for allocation
C11: Sristi Choubey | D11: Quality Analyst | E11: Quality | F11: 5 | G11: Selenium | H11: Playwright | J11: 45870 | K11: 46256 | L11: =IF(J11<>"",TODAY()-J11,"") -> 412 | M11: Shadow Mode | N11: Innovation Pool | O11: 45889 | P11: =IF(N11="Learner Pool",IF(O11<>"",O11+60,""),"N/A") -> N/A | Q11: =IF(N11="Innovation Pool","No duration limit",IF(OR(O11="",P11=""),"—",IF(P11<TODAY(),"⚠ Review Overdue","Review in "&TEXT(P11-TODAY(),"0")&" days"))) -> No duration limit | R11: 🔴 Action Needed (6M+) | U11: 90 | V11: Automation | W11: Remote | X11: Urgent — high demand skill
C12: Deepak Ahluwalia | D12: Quality Analyst | E12: Quality | F12: 18 | G12: Manual QA - Web and Mobile | H12: Automation - Basic Claude AI and Playwright is in progress. | J12: 46249 | L12: =IF(J12<>"",TODAY()-J12,"") -> 33 | M12: Allocated | O12: 46249 | U12: 100 | V12: QA | W12: Remote | X12: Ready for allocation
